{"cameraMode":{"drawMode":0,"name":"Shaded","section":"Shading Mode"},"sceneLighting":true,"audioPlay":false,"sceneViewState":{"showFog":true,"showMaterialUpdate":true,"showSkybox":true,"showFlares":true,"showImageEffects":true,"showParticleSystems":true},"in2DMode":false,"pivot":{"x":-15.59233283996582,"y":-9.8877592086792,"z":5.968530654907227},"rotation":{"x":0.23498119413852693,"y":-0.5496390461921692,"z":0.16463541984558106,"w":0.7846143841743469},"size":20.849605560302736,"orthographic":false}