{"cameraMode":{"drawMode":0,"name":"Shaded","section":"Shading Mode"},"sceneLighting":true,"audioPlay":false,"sceneViewState":{"showFog":true,"showMaterialUpdate":true,"showSkybox":true,"showFlares":true,"showImageEffects":true,"showParticleSystems":true},"in2DMode":false,"pivot":{"x":-7.269710063934326,"y":-1.5910670757293702,"z":7.398533821105957},"rotation":{"x":-0.13221140205860139,"y":0.3694799244403839,"z":-0.05319963023066521,"w":-0.9182513356208801},"size":12.937310218811036,"orthographic":false}