{"cameraMode":{"drawMode":0,"name":"Shaded","section":"Shading Mode"},"sceneLighting":true,"audioPlay":false,"sceneViewState":{"showFog":true,"showMaterialUpdate":true,"showSkybox":true,"showFlares":true,"showImageEffects":true,"showParticleSystems":true},"in2DMode":false,"pivot":{"x":18.057588577270509,"y":-3.766528844833374,"z":44.1944694519043},"rotation":{"x":0.18529874086380006,"y":-0.1304982304573059,"z":0.0245282594114542,"w":0.9737914800643921},"size":8.025833129882813,"orthographic":false}