{"cameraMode":{"drawMode":0,"name":"Shaded","section":"Shading Mode"},"sceneLighting":true,"audioPlay":false,"sceneViewState":{"showFog":true,"showMaterialUpdate":true,"showSkybox":true,"showFlares":true,"showImageEffects":true,"showParticleSystems":true},"in2DMode":false,"pivot":{"x":16.180068969726564,"y":0.6422834992408752,"z":35.0125732421875},"rotation":{"x":-0.1015874519944191,"y":-0.8947135210037231,"z":0.2627113163471222,"w":-0.3469659984111786},"size":0.4954615831375122,"orthographic":false}